label;somme;moyenne;ecartType
statHt;12.7;3.175;1.3386093530227552
statTtc;14.8;3.7;1.5143315356948757
